{
  " NB": {
    "01:00:00 AM": 3.8,
    "02:00:00 AM": 2.65380374862183,
    "03:00:00 AM": 1.4807903402854006,
    "04:00:00 AM": 2.4554455445544554,
    "05:00:00 AM": 7.2316136114160265,
    "06:00:00 AM": 27.0384193194292,
    "07:00:00 AM": 53.29637760702525,
    "08:00:00 AM": 85.93852908891328,
    "09:00:00 AM": 69.27472527472527,
    "10:00:00 AM": 41.293406593406594,
    "11:00:00 AM": 34.98461538461538,
    "12:00:00 PM": 39.29120879120879,
    "01:00:00 PM": 44.504395604395604,
    "02:00:00 PM": 50.18901098901099,
    "03:00:00 PM": 65.22857142857143,
    "04:00:00 PM": 114.57362637362637,
    "05:00:00 PM": 231.32527472527474,
    "06:00:00 PM": 164.3978021978022,
    "07:00:00 PM": 75.26263736263736,
    "08:00:00 PM": 41.18571428571428,
    "09:00:00 PM": 25.58021978021978,
    "10:00:00 PM": 17.693406593406593,
    "11:00:00 PM": 12.776923076923078,
    "12:00:00 AM": 7.385038503850385
  },
  " SB": {
    "12:00:00 AM": 5.8791208791208796,
    "01:00:00 AM": 3.332967032967033,
    "02:00:00 AM": 2.743109151047409,
    "03:00:00 AM": 1.628979143798024,
    "04:00:00 AM": 3.4257425742574257,
    "05:00:00 AM": 15.463227222832053,
    "06:00:00 AM": 56.29198682766191,
    "07:00:00 AM": 144.0834248079034,
    "08:00:00 AM": 198.67069154774973,
    "09:00:00 AM": 115.38901098901098,
    "10:00:00 AM": 57.5956043956044,
    "11:00:00 AM": 48.05384615384615,
    "12:00:00 PM": 50.02857142857143,
    "01:00:00 PM": 52.15604395604396,
    "02:00:00 PM": 55.11538461538461,
    "03:00:00 PM": 63.20879120879121,
    "04:00:00 PM": 83.15274725274725,
    "05:00:00 PM": 113.1989010989011,
    "06:00:00 PM": 93.85714285714286,
    "07:00:00 PM": 51.56263736263736,
    "08:00:00 PM": 30.71868131868132,
    "09:00:00 PM": 21.513186813186813,
    "10:00:00 PM": 14.686813186813186,
    "11:00:00 PM": 9.801098901098902
  }
}